msg1,tester,2022-06-11 17:11:01.2774247,0,1
msg2,tester,2022-06-11 17:11:25.6766928,0,2
msg3,tester,2022-06-11 17:11:49.1466343,0,3
msg4,tester,2022-06-11 17:13:48.6452342,0,4
msg5,tester,2022-06-11 17:13:54.1249795,0,5
msg6,tester,2022-06-11 18:02:07.7285463,0,6
msg7,tester,2022-06-11 18:09:56.3799155,0,7
msg8,tester,2022-06-11 18:13:14.4452709,0,8
msg9,tester,2022-06-11 18:13:25.0125307,0,9
msg10,tester,2022-06-11 18:15:59.1395234,0,10
msg11,tester,2022-06-11 18:34:32.1024369,0,11
msg12,tester,2022-06-11 18:43:44.913765,0,12
msg13,testerAndroid,2022-06-11 18:43:51.3837798,0,13
msg14,testerAndroid,2022-06-11 19:45:05.881549,0,14
msg15,tester,2022-06-11 19:49:25.0779004,0,15
msg16,tester,2022-06-11 19:51:12.2529698,0,16
msg17,testerAndroid,2022-06-11 19:52:43.1352105,0,17
msg18,tester,2022-06-11 19:55:00.5864348,0,18
msg19,tester,2022-06-11 19:55:42.1927516,0,19
msg20,tester,2022-06-11 19:57:23.3660149,0,20
msg21,testerAndroid,2022-06-11 19:59:24.027756,0,21
msg22,tester,2022-06-11 20:03:35.3496042,0,22
msg23,testerAndroid,2022-06-11 20:05:29.7344119,0,23
msg24,tester,2022-06-11 20:30:24.1389701,0,24
msg25,testerAndroid,2022-06-11 20:30:41.5340781,0,25
msg26,testerAndroid,2022-06-11 20:30:47.506749,0,26
msg27,tester,2022-06-11 20:31:20.3116588,0,27
msg28,tester,2022-06-11 20:31:26.7625517,0,28
msg29,tester,2022-06-11 20:31:35.8773696,0,29
msg30,testerAndroid,2022-06-11 20:32:08.0949127,0,30
msg31,testerAndroid,2022-06-11 20:32:20.1293959,0,31
msg32,testerAndroid,2022-06-11 20:32:28.007321,0,32
msg33,tester,2022-06-11 20:34:15.4672976,0,33
msg34,tester,2022-06-11 20:34:37.2532058,0,34
msg35,tester,2022-06-11 20:34:45.8633229,0,35
